,L,alpha,beta,final_F,final_buffer,final_n_inputs_attempted,final_n_inputs_needed,init_F,init_buffer,init_n_inputs_attempted,init_n_inputs_needed,max_F,mean_F,min_F,n_agents,n_steps,r,std_F,xi
0,1,0.15,0.4,0.8140000000000001,1,3,2,0.7,1,2,1,0.8740000000000001,0.8403794150000001,0.7,1000,200000,1,0.01887239860902092,0
1,1,0.15,0.4,0.905,1,4,3,0.7,1,2,1,0.934,0.8006129750000003,0.228,1000,200000,2000,0.1602653941643341,1
2,1,0.15,0.4,0.8140000000000001,1,3,2,0.7,1,2,1,0.8740000000000001,0.8403794150000001,0.7,1000,200000,1,0.01887239860902092,0
3,1,0.15,0.4,0.905,1,4,3,0.7,1,2,1,0.934,0.8006129750000003,0.228,1000,200000,2000,0.1602653941643341,1
4,1,0.15,0.4,0.8420000000000001,1,3,2,0.7,1,2,1,0.885,0.8433846800000001,0.696,1000,200000,1,0.018008809546930078,0
5,1,0.15,0.4,0.767,1,3,2,0.7,1,2,1,0.934,0.768271095,0.257,1000,200000,2000,0.15463046970924252,1
6,1,0.15,0.4,0.856,1,3,2,0.7,1,2,1,0.877,0.8441263550000003,0.6990000000000001,1000,200000,1,0.02267384108204817,0
7,1,0.15,0.4,0.626,1,2,1,0.7,1,2,1,0.931,0.830831975,0.233,1000,200000,2000,0.14227956073378695,1
8,1,0.15,0.4,0.8270000000000001,1,3,2,0.7,1,2,1,0.878,0.8429935749999999,0.701,1000,200000,1,0.01584400182148989,0
9,1,0.15,0.4,0.905,1,4,3,0.7,1,2,1,0.934,0.7720758400000002,0.264,1000,200000,2000,0.15828214709276092,1
10,1,0.15,0.4,0.855,1,3,2,0.7,1,2,1,0.875,0.84292255,0.701,1000,200000,1,0.017467539938339913,0
11,1,0.15,0.4,0.675,1,2,1,0.7,1,2,1,0.936,0.8048959299999999,0.245,1000,200000,2000,0.1354700848137149,1
12,1,0.15,0.4,0.8240000000000001,1,3,2,0.7,1,2,1,0.879,0.8440759200000001,0.7,1000,200000,1,0.014448082784701919,0
13,1,0.15,0.4,0.87,1,4,3,0.7,1,2,1,0.925,0.7889789500000001,0.238,1000,200000,2000,0.1516302963358494,1
14,1,0.15,0.4,0.851,1,3,2,0.7,1,2,1,0.8759999999999999,0.84510071,0.698,1000,200000,1,0.016003502038488326,0
15,1,0.15,0.4,0.503,1,2,1,0.7,1,2,1,0.931,0.79473624,0.238,1000,200000,2000,0.14740969272969262,1
16,1,0.15,0.4,0.8290000000000001,1,3,2,0.7,1,2,1,0.878,0.8428409049999996,0.7,1000,200000,1,0.02111923729164893,0
17,1,0.15,0.4,0.898,1,4,3,0.7,1,2,1,0.931,0.7927286049999998,0.256,1000,200000,2000,0.15513175935234533,1
18,1,0.15,0.4,0.841,1,3,2,0.7,1,2,1,0.8740000000000001,0.843344145,0.6970000000000001,1000,200000,1,0.01607504616537617,0
19,1,0.15,0.4,0.9,1,4,3,0.7,1,2,1,0.937,0.81827303,0.271,1000,200000,2000,0.1393989206006241,1
0,1,0.15,0.4,0.8140000000000001,1,3,2,0.7,1,2,1,0.8740000000000001,0.8403794150000001,0.7,1000,200000,1,0.01887239860902092,0
1,1,0.15,0.4,0.905,1,4,3,0.7,1,2,1,0.934,0.8006129750000003,0.228,1000,200000,2000,0.1602653941643341,1
2,1,0.15,0.4,0.8140000000000001,1,3,2,0.7,1,2,1,0.8740000000000001,0.8403794150000001,0.7,1000,200000,1,0.01887239860902092,0
3,1,0.15,0.4,0.905,1,4,3,0.7,1,2,1,0.934,0.8006129750000003,0.228,1000,200000,2000,0.1602653941643341,1
4,1,0.15,0.4,0.8420000000000001,1,3,2,0.7,1,2,1,0.885,0.8433846800000001,0.696,1000,200000,1,0.018008809546930078,0
5,1,0.15,0.4,0.767,1,3,2,0.7,1,2,1,0.934,0.768271095,0.257,1000,200000,2000,0.15463046970924252,1
6,1,0.15,0.4,0.856,1,3,2,0.7,1,2,1,0.877,0.8441263550000003,0.6990000000000001,1000,200000,1,0.02267384108204817,0
7,1,0.15,0.4,0.626,1,2,1,0.7,1,2,1,0.931,0.830831975,0.233,1000,200000,2000,0.14227956073378695,1
8,1,0.15,0.4,0.8270000000000001,1,3,2,0.7,1,2,1,0.878,0.8429935749999999,0.701,1000,200000,1,0.01584400182148989,0
9,1,0.15,0.4,0.905,1,4,3,0.7,1,2,1,0.934,0.7720758400000002,0.264,1000,200000,2000,0.15828214709276092,1
10,1,0.15,0.4,0.855,1,3,2,0.7,1,2,1,0.875,0.84292255,0.701,1000,200000,1,0.017467539938339913,0
11,1,0.15,0.4,0.675,1,2,1,0.7,1,2,1,0.936,0.8048959299999999,0.245,1000,200000,2000,0.1354700848137149,1
12,1,0.15,0.4,0.8240000000000001,1,3,2,0.7,1,2,1,0.879,0.8440759200000001,0.7,1000,200000,1,0.014448082784701919,0
13,1,0.15,0.4,0.87,1,4,3,0.7,1,2,1,0.925,0.7889789500000001,0.238,1000,200000,2000,0.1516302963358494,1
14,1,0.15,0.4,0.851,1,3,2,0.7,1,2,1,0.8759999999999999,0.84510071,0.698,1000,200000,1,0.016003502038488326,0
15,1,0.15,0.4,0.503,1,2,1,0.7,1,2,1,0.931,0.79473624,0.238,1000,200000,2000,0.14740969272969262,1
16,1,0.15,0.4,0.8290000000000001,1,3,2,0.7,1,2,1,0.878,0.8428409049999996,0.7,1000,200000,1,0.02111923729164893,0
17,1,0.15,0.4,0.898,1,4,3,0.7,1,2,1,0.931,0.7927286049999998,0.256,1000,200000,2000,0.15513175935234533,1
18,1,0.15,0.4,0.841,1,3,2,0.7,1,2,1,0.8740000000000001,0.843344145,0.6970000000000001,1000,200000,1,0.01607504616537617,0
19,1,0.15,0.4,0.9,1,4,3,0.7,1,2,1,0.937,0.81827303,0.271,1000,200000,2000,0.1393989206006241,1
20,1,0.15,0.4,0.858,1,3,2,0.7,1,2,1,0.8740000000000001,0.8420430400000001,0.701,1000,200000,1,0.01978289482250765,0
21,1,0.15,0.4,0.882,1,4,3,0.7,1,2,1,0.932,0.8110514850000001,0.245,1000,200000,2000,0.1464619941633145,1
22,1,0.15,0.4,0.835,1,3,2,0.7,1,2,1,0.877,0.8428986749999999,0.6990000000000001,1000,200000,1,0.016636715969336458,0
23,1,0.15,0.4,0.909,1,4,3,0.7,1,2,1,0.931,0.771429425,0.214,1000,200000,2000,0.1531082833460338,1
24,1,0.15,0.4,0.8370000000000001,1,3,2,0.7,1,2,1,0.879,0.8403615949999996,0.6990000000000001,1000,200000,1,0.02137993297594674,0
25,1,0.15,0.4,0.727,2,4,2,0.7,1,2,1,0.932,0.763201315,0.219,1000,200000,2000,0.15457391745463006,1
26,1,0.15,0.4,0.856,1,3,2,0.7,1,2,1,0.8759999999999999,0.843271325,0.7,1000,200000,1,0.016846828417965646,0
27,1,0.15,0.4,0.908,1,4,3,0.7,1,2,1,0.93,0.8342378499999998,0.237,1000,200000,2000,0.1358524485512775,1
28,1,0.15,0.4,0.852,1,3,2,0.7,1,2,1,0.879,0.8436096100000001,0.7,1000,200000,1,0.016376979442128514,0
29,1,0.15,0.4,0.7390000000000001,1,3,2,0.7,1,2,1,0.941,0.7933410500000002,0.242,1000,200000,2000,0.16171013819454086,1
30,1,0.15,0.4,0.855,1,3,2,0.7,1,2,1,0.878,0.8439435099999999,0.701,1000,200000,1,0.01517393320401471,0
31,1,0.15,0.4,0.8640000000000001,1,4,3,0.7,1,2,1,0.933,0.7923442500000002,0.232,1000,200000,2000,0.15247611452925178,1
32,1,0.15,0.4,0.856,1,3,2,0.7,1,2,1,0.884,0.84527171,0.701,1000,200000,1,0.020070411148651143,0
33,1,0.15,0.4,0.887,1,4,3,0.7,1,2,1,0.927,0.794546725,0.229,1000,200000,2000,0.15431833295747585,1
34,1,0.15,0.4,0.852,1,3,2,0.7,1,2,1,0.873,0.8429780250000001,0.698,1000,200000,1,0.016923532790152743,0
35,1,0.15,0.4,0.912,1,4,3,0.7,1,2,1,0.931,0.8184021300000001,0.287,1000,200000,2000,0.1513961153446914,1
36,1,0.15,0.4,0.857,1,3,2,0.7,1,2,1,0.877,0.8440107200000003,0.6970000000000001,1000,200000,1,0.01953355715382122,0
37,1,0.15,0.4,0.903,1,4,3,0.7,1,2,1,0.928,0.7835050899999999,0.239,1000,200000,2000,0.15926109877836425,1
38,1,0.15,0.4,0.8540000000000001,1,3,2,0.7,1,2,1,0.878,0.8453108799999999,0.7,1000,200000,1,0.015169211371248012,0
39,1,0.15,0.4,0.7140000000000001,2,4,2,0.7,1,2,1,0.93,0.78603258,0.215,1000,200000,2000,0.1631428094601279,1
40,1,0.15,0.4,0.852,1,3,2,0.7,1,2,1,0.883,0.8429073650000002,0.701,1000,200000,1,0.01705539427151348,0
41,1,0.15,0.4,0.35600000000000004,1,2,1,0.7,1,2,1,0.931,0.7886604949999999,0.244,1000,200000,2000,0.15634662817392314,1
42,1,0.15,0.4,0.858,1,4,3,0.7,1,2,1,0.8759999999999999,0.8402361650000001,0.7,1000,200000,1,0.0179429214759686,0
43,1,0.15,0.4,0.904,1,4,3,0.7,1,2,1,0.935,0.829867365,0.257,1000,200000,2000,0.1314946878887386,1
44,1,0.15,0.4,0.857,1,3,2,0.7,1,2,1,0.873,0.8365941250000001,0.7,1000,200000,1,0.025019815156878643,0
45,1,0.15,0.4,0.458,1,2,1,0.7,1,2,1,0.929,0.79597177,0.248,1000,200000,2000,0.14962211465243733,1
46,1,0.15,0.4,0.853,1,3,2,0.7,1,2,1,0.885,0.8447175199999999,0.701,1000,200000,1,0.015762026045201168,0
47,1,0.15,0.4,0.909,1,4,3,0.7,1,2,1,0.932,0.7915829349999999,0.271,1000,200000,2000,0.14824895204279112,1
48,1,0.15,0.4,0.853,1,3,2,0.7,1,2,1,0.879,0.8457240549999999,0.7,1000,200000,1,0.01705463805998166,0
49,1,0.15,0.4,0.649,1,2,1,0.7,1,2,1,0.933,0.796518835,0.225,1000,200000,2000,0.15023481964991595,1
50,1,0.15,0.4,0.85,1,3,2,0.7,1,2,1,0.8809999999999999,0.842765505,0.7,1000,200000,1,0.016412270016514317,0
51,1,0.15,0.4,0.88,1,4,3,0.7,1,2,1,0.932,0.807365125,0.251,1000,200000,2000,0.1503145592706654,1
52,1,0.15,0.4,0.84,1,3,2,0.7,1,2,1,0.877,0.8448274949999999,0.6990000000000001,1000,200000,1,0.018542377329376487,0
53,1,0.15,0.4,0.605,1,2,1,0.7,1,2,1,0.932,0.790218865,0.24,1000,200000,2000,0.1686871495197894,1
54,1,0.15,0.4,0.861,1,4,3,0.7,1,2,1,0.878,0.8423940400000001,0.6990000000000001,1000,200000,1,0.018825361948137945,0
55,1,0.15,0.4,0.866,1,4,3,0.7,1,2,1,0.935,0.8072012150000001,0.225,1000,200000,2000,0.1496550124704274,1
56,1,0.15,0.4,0.853,1,3,2,0.7,1,2,1,0.8809999999999999,0.8440360800000001,0.7,1000,200000,1,0.02090972735914077,0
57,1,0.15,0.4,0.901,1,4,3,0.7,1,2,1,0.933,0.80948907,0.266,1000,200000,2000,0.13569642766313011,1
58,1,0.15,0.4,0.8590000000000001,1,4,3,0.7,1,2,1,0.878,0.8430463050000001,0.6970000000000001,1000,200000,1,0.015966714779408288,0
59,1,0.15,0.4,0.8959999999999999,1,4,3,0.7,1,2,1,0.938,0.794146125,0.193,1000,200000,2000,0.14381399432073494,1
60,1,0.15,0.4,0.856,1,3,2,0.7,1,2,1,0.877,0.8429303800000002,0.698,1000,200000,1,0.01832647928696617,0
61,1,0.15,0.4,0.894,1,4,3,0.7,1,2,1,0.933,0.8099433100000002,0.247,1000,200000,2000,0.14879626022264106,1
62,1,0.15,0.4,0.84,1,3,2,0.7,1,2,1,0.875,0.8441140049999999,0.7,1000,200000,1,0.01792524526638269,0
63,1,0.15,0.4,0.8170000000000001,1,3,2,0.7,1,2,1,0.933,0.79453405,0.223,1000,200000,2000,0.16064241603822293,1
64,1,0.15,0.4,0.857,1,3,2,0.7,1,2,1,0.8759999999999999,0.8437768650000003,0.6990000000000001,1000,200000,1,0.016146481838833344,0
65,1,0.15,0.4,0.904,1,4,3,0.7,1,2,1,0.932,0.8245251749999999,0.226,1000,200000,2000,0.12734310635530835,1
66,1,0.15,0.4,0.857,1,3,2,0.7,1,2,1,0.875,0.8445805699999999,0.698,1000,200000,1,0.015057699640884728,0
67,1,0.15,0.4,0.907,1,4,3,0.7,1,2,1,0.926,0.7834634549999999,0.184,1000,200000,2000,0.15791882998699988,1
68,1,0.15,0.4,0.8590000000000001,1,4,3,0.7,1,2,1,0.879,0.8476173850000001,0.696,1000,200000,1,0.012774061639188029,0
69,1,0.15,0.4,0.8959999999999999,1,4,3,0.7,1,2,1,0.929,0.80140134,0.257,1000,200000,2000,0.14472298592899607,1
70,1,0.15,0.4,0.8590000000000001,1,4,3,0.7,1,2,1,0.879,0.8436699499999998,0.7,1000,200000,1,0.01789993259756863,0
71,1,0.15,0.4,0.907,1,4,3,0.7,1,2,1,0.93,0.8006377200000001,0.243,1000,200000,2000,0.14017070386925226,1
72,1,0.15,0.4,0.85,1,3,2,0.7,1,2,1,0.873,0.844243505,0.698,1000,200000,1,0.017954099540633463,0
73,1,0.15,0.4,0.894,1,4,3,0.7,1,2,1,0.929,0.7811979649999997,0.231,1000,200000,2000,0.15965660573511756,1
74,1,0.15,0.4,0.86,1,4,3,0.7,1,2,1,0.8759999999999999,0.845605085,0.7,1000,200000,1,0.017007444462433942,0
75,1,0.15,0.4,0.8759999999999999,1,4,3,0.7,1,2,1,0.932,0.7668980749999998,0.215,1000,200000,2000,0.15272956359622838,1
76,1,0.15,0.4,0.845,1,3,2,0.7,1,2,1,0.8759999999999999,0.8404443400000001,0.7,1000,200000,1,0.022271392681294085,0
77,1,0.15,0.4,0.848,1,3,2,0.7,1,2,1,0.925,0.7884636699999998,0.249,1000,200000,2000,0.1540996104476942,1
78,1,0.15,0.4,0.851,1,3,2,0.7,1,2,1,0.8740000000000001,0.8428884249999998,0.6990000000000001,1000,200000,1,0.016286038991092187,0
79,1,0.15,0.4,0.852,1,3,2,0.7,1,2,1,0.93,0.7978776350000002,0.241,1000,200000,2000,0.14331781240239042,1
80,1,0.15,0.4,0.838,1,3,2,0.7,1,2,1,0.877,0.84261411,0.698,1000,200000,1,0.01639610468702551,0
81,1,0.15,0.4,0.711,2,4,2,0.7,1,2,1,0.934,0.8076034899999999,0.254,1000,200000,2000,0.1381699227032421,1
82,1,0.15,0.4,0.8290000000000001,1,3,2,0.7,1,2,1,0.878,0.8432298899999998,0.698,1000,200000,1,0.016963751371318198,0
83,1,0.15,0.4,0.504,1,2,1,0.7,1,2,1,0.937,0.80471419,0.229,1000,200000,2000,0.14710331434962265,1
84,1,0.15,0.4,0.848,1,3,2,0.7,1,2,1,0.875,0.8426296000000002,0.6970000000000001,1000,200000,1,0.018071974541814737,0
85,1,0.15,0.4,0.908,1,4,3,0.7,1,2,1,0.929,0.7706460700000001,0.28600000000000003,1000,200000,2000,0.13483740239100986,1
86,1,0.15,0.4,0.809,1,3,2,0.7,1,2,1,0.885,0.84213905,0.7,1000,200000,1,0.017390898340726966,0
87,1,0.15,0.4,0.625,1,2,1,0.7,1,2,1,0.941,0.8196016599999998,0.226,1000,200000,2000,0.15142405761715805,1
88,1,0.15,0.4,0.8270000000000001,1,3,2,0.7,1,2,1,0.8759999999999999,0.8434834849999999,0.6990000000000001,1000,200000,1,0.015946949151946745,0
89,1,0.15,0.4,0.8320000000000001,1,3,2,0.7,1,2,1,0.93,0.7817875450000001,0.227,1000,200000,2000,0.15828885370699028,1
90,1,0.15,0.4,0.848,1,3,2,0.7,1,2,1,0.8859999999999999,0.8389374449999999,0.7,1000,200000,1,0.019297348830136608,0
91,1,0.15,0.4,0.884,1,4,3,0.7,1,2,1,0.927,0.776664715,0.248,1000,200000,2000,0.15822319804304544,1
92,1,0.15,0.4,0.858,1,4,3,0.7,1,2,1,0.884,0.8449457,0.6990000000000001,1000,200000,1,0.015491161722414496,0
93,1,0.15,0.4,0.857,1,3,2,0.7,1,2,1,0.933,0.7914941000000002,0.228,1000,200000,2000,0.14903883713713684,1
94,1,0.15,0.4,0.8440000000000001,1,3,2,0.7,1,2,1,0.877,0.843431385,0.6990000000000001,1000,200000,1,0.01811381550037912,0
95,1,0.15,0.4,0.912,1,4,3,0.7,1,2,1,0.937,0.8109009950000001,0.232,1000,200000,2000,0.16426112882544666,1
96,1,0.15,0.4,0.857,1,3,2,0.7,1,2,1,0.879,0.84457876,0.7,1000,200000,1,0.016832980332145583,0
97,1,0.15,0.4,0.923,1,5,4,0.7,1,2,1,0.936,0.800374775,0.253,1000,200000,2000,0.152994521106801,1
98,1,0.15,0.4,0.852,1,3,2,0.7,1,2,1,0.879,0.8399432999999997,0.698,1000,200000,1,0.0208440011780368,0
99,1,0.15,0.4,0.8240000000000001,1,3,2,0.7,1,2,1,0.939,0.7989351100000002,0.236,1000,200000,2000,0.1520733789632094,1
100,1,0.15,0.4,0.831,1,3,2,0.7,1,2,1,0.877,0.8437234649999998,0.698,1000,200000,1,0.0175038042548977,0
101,1,0.15,0.4,0.877,1,4,3,0.7,1,2,1,0.934,0.8120398050000001,0.272,1000,200000,2000,0.13375068560782025,1
102,1,0.15,0.4,0.857,1,3,2,0.7,1,2,1,0.8740000000000001,0.8435578150000002,0.7,1000,200000,1,0.015471651089194556,0
103,1,0.15,0.4,0.591,1,2,1,0.7,1,2,1,0.937,0.8235146349999997,0.251,1000,200000,2000,0.12806268186250347,1
104,1,0.15,0.4,0.8490000000000001,1,3,2,0.7,1,2,1,0.879,0.8456480150000002,0.701,1000,200000,1,0.016035964628290218,0
105,1,0.15,0.4,0.7859999999999999,1,3,2,0.7,1,2,1,0.931,0.7838606550000001,0.232,1000,200000,2000,0.16016666484624995,1
106,1,0.15,0.4,0.8540000000000001,1,3,2,0.7,1,2,1,0.883,0.8431400600000001,0.698,1000,200000,1,0.018644897779188808,0
107,1,0.15,0.4,0.8240000000000001,1,3,2,0.7,1,2,1,0.93,0.7876924700000002,0.271,1000,200000,2000,0.15724588050343036,1
108,1,0.15,0.4,0.85,1,3,2,0.7,1,2,1,0.875,0.8416788549999997,0.6990000000000001,1000,200000,1,0.018880243930865268,0
109,1,0.15,0.4,0.768,1,3,2,0.7,1,2,1,0.933,0.786944785,0.218,1000,200000,2000,0.15227884484163834,1
110,1,0.15,0.4,0.838,1,3,2,0.7,1,2,1,0.879,0.8442358999999999,0.7,1000,200000,1,0.014587077883866944,0
111,1,0.15,0.4,0.68,1,2,1,0.7,1,2,1,0.934,0.79230498,0.22,1000,200000,2000,0.15334672662694696,1
112,1,0.15,0.4,0.8390000000000001,1,3,2,0.7,1,2,1,0.887,0.8440670499999997,0.6990000000000001,1000,200000,1,0.015618922955745063,0
113,1,0.15,0.4,0.708,2,4,2,0.7,1,2,1,0.932,0.796481195,0.309,1000,200000,2000,0.1416559390790657,1
114,1,0.15,0.4,0.851,1,3,2,0.7,1,2,1,0.8740000000000001,0.8386585900000001,0.701,1000,200000,1,0.0179462664421294,0
115,1,0.15,0.4,0.909,1,4,3,0.7,1,2,1,0.933,0.8125594,0.255,1000,200000,2000,0.14575974859898738,1
116,1,0.15,0.4,0.861,1,4,3,0.7,1,2,1,0.8759999999999999,0.8433530250000001,0.701,1000,200000,1,0.015169698360526984,0
117,1,0.15,0.4,0.902,1,4,3,0.7,1,2,1,0.929,0.7834895749999999,0.239,1000,200000,2000,0.15803563557413047,1
118,1,0.15,0.4,0.848,1,3,2,0.7,1,2,1,0.877,0.842327875,0.7,1000,200000,1,0.018334080641918608,0
119,1,0.15,0.4,0.7340000000000001,2,4,2,0.7,1,2,1,0.937,0.7929699100000003,0.274,1000,200000,2000,0.14554035826736136,1
120,1,0.15,0.4,0.845,1,3,2,0.7,1,2,1,0.879,0.8461067700000001,0.7,1000,200000,1,0.014294262491192053,0
121,1,0.15,0.4,0.858,1,4,3,0.7,1,2,1,0.932,0.8064369350000001,0.25,1000,200000,2000,0.14387358392980198,1
122,1,0.15,0.4,0.85,1,3,2,0.7,1,2,1,0.8759999999999999,0.8425667049999997,0.701,1000,200000,1,0.017321871736131027,0
123,1,0.15,0.4,0.765,1,3,2,0.7,1,2,1,0.936,0.818537915,0.236,1000,200000,2000,0.14779932639377208,1
124,1,0.15,0.4,0.861,1,4,3,0.7,1,2,1,0.887,0.844642715,0.7,1000,200000,1,0.016056837871410892,0
125,1,0.15,0.4,0.911,1,4,3,0.7,1,2,1,0.929,0.8007019800000001,0.269,1000,200000,2000,0.1409078511796969,1
126,1,0.15,0.4,0.852,1,3,2,0.7,1,2,1,0.877,0.8435852549999999,0.7,1000,200000,1,0.0166749402273284,0
127,1,0.15,0.4,0.909,1,4,3,0.7,1,2,1,0.931,0.79567048,0.26,1000,200000,2000,0.14209972972025528,1
128,1,0.15,0.4,0.862,1,4,3,0.7,1,2,1,0.875,0.8426208000000001,0.7,1000,200000,1,0.02102422620121844,0
129,1,0.15,0.4,0.885,1,4,3,0.7,1,2,1,0.937,0.7935093600000003,0.218,1000,200000,2000,0.15668955987043426,1
130,1,0.15,0.4,0.857,1,3,2,0.7,1,2,1,0.878,0.8445486149999999,0.7,1000,200000,1,0.014114810540059513,0
131,1,0.15,0.4,0.5660000000000001,1,2,1,0.7,1,2,1,0.943,0.8315058700000001,0.229,1000,200000,2000,0.153918397781237,1
132,1,0.15,0.4,0.85,1,3,2,0.7,1,2,1,0.883,0.8447942799999999,0.701,1000,200000,1,0.015729729472613318,0
133,1,0.15,0.4,0.237,1,2,1,0.7,1,2,1,0.93,0.7842765850000001,0.237,1000,200000,2000,0.16249566703680984,1
134,1,0.15,0.4,0.856,1,3,2,0.7,1,2,1,0.873,0.8434297049999998,0.7,1000,200000,1,0.017133423727118142,0
135,1,0.15,0.4,0.557,1,2,1,0.7,1,2,1,0.935,0.81220281,0.235,1000,200000,2000,0.1498238394852565,1
136,1,0.15,0.4,0.846,1,3,2,0.7,1,2,1,0.875,0.8460580350000001,0.6940000000000001,1000,200000,1,0.015391211678707271,0
137,1,0.15,0.4,0.884,1,4,3,0.7,1,2,1,0.931,0.799520895,0.248,1000,200000,2000,0.15246372363089844,1
138,1,0.15,0.4,0.8170000000000001,1,3,2,0.7,1,2,1,0.8740000000000001,0.8446352049999999,0.7,1000,200000,1,0.016366454399410247,0
139,1,0.15,0.4,0.879,1,4,3,0.7,1,2,1,0.929,0.7791287349999999,0.228,1000,200000,2000,0.1548593959768014,1
140,1,0.15,0.4,0.855,1,3,2,0.7,1,2,1,0.8859999999999999,0.8438233099999998,0.6940000000000001,1000,200000,1,0.0205723025119674,0
141,1,0.15,0.4,0.525,1,2,1,0.7,1,2,1,0.937,0.7865272950000002,0.277,1000,200000,2000,0.14538291937151002,1
142,1,0.15,0.4,0.845,1,3,2,0.7,1,2,1,0.875,0.8440103649999999,0.7,1000,200000,1,0.015387877292426497,0
143,1,0.15,0.4,0.748,1,3,2,0.7,1,2,1,0.94,0.799489285,0.259,1000,200000,2000,0.1557268868409973,1
144,1,0.15,0.4,0.85,1,3,2,0.7,1,2,1,0.875,0.8430659149999999,0.7,1000,200000,1,0.015780535168769625,0
145,1,0.15,0.4,0.887,1,4,3,0.7,1,2,1,0.936,0.7875853499999999,0.246,1000,200000,2000,0.15119889343304568,1
146,1,0.15,0.4,0.847,1,3,2,0.7,1,2,1,0.8740000000000001,0.8431185550000001,0.7,1000,200000,1,0.016558262581320992,0
147,1,0.15,0.4,0.369,1,2,1,0.7,1,2,1,0.939,0.84178676,0.249,1000,200000,2000,0.12579451605178346,1
148,1,0.15,0.4,0.833,1,3,2,0.7,1,2,1,0.882,0.8454051349999999,0.701,1000,200000,1,0.014858047335763031,0
149,1,0.15,0.4,0.8370000000000001,1,3,2,0.7,1,2,1,0.935,0.794233015,0.266,1000,200000,2000,0.15791294136013606,1
150,1,0.15,0.4,0.848,1,3,2,0.7,1,2,1,0.875,0.842214085,0.7,1000,200000,1,0.016759821974375953,0
151,1,0.15,0.4,0.862,1,4,3,0.7,1,2,1,0.936,0.8159822250000002,0.225,1000,200000,2000,0.13450797195352168,1
152,1,0.15,0.4,0.841,1,3,2,0.7,1,2,1,0.8759999999999999,0.8445229449999999,0.7,1000,200000,1,0.014132757109883941,0
153,1,0.15,0.4,0.458,1,2,1,0.7,1,2,1,0.933,0.7843387399999999,0.245,1000,200000,2000,0.15405411544393224,1
154,1,0.15,0.4,0.858,1,4,3,0.7,1,2,1,0.873,0.8411846650000001,0.698,1000,200000,1,0.017679084360842194,0
155,1,0.15,0.4,0.904,1,4,3,0.7,1,2,1,0.929,0.7939462499999999,0.297,1000,200000,2000,0.1400049310236518,1
156,1,0.15,0.4,0.8440000000000001,1,3,2,0.7,1,2,1,0.879,0.844064405,0.7,1000,200000,1,0.018184999230024042,0
157,1,0.15,0.4,0.78,1,3,2,0.7,1,2,1,0.929,0.7885590949999998,0.282,1000,200000,2000,0.14316997435838624,1
158,1,0.15,0.4,0.831,1,3,2,0.7,1,2,1,0.8740000000000001,0.8441551749999999,0.6940000000000001,1000,200000,1,0.017169781760971076,0
159,1,0.15,0.4,0.8959999999999999,1,4,3,0.7,1,2,1,0.932,0.8180849,0.244,1000,200000,2000,0.1447298183581739,1
160,1,0.15,0.4,0.8420000000000001,1,3,2,0.7,1,2,1,0.88,0.842529255,0.6990000000000001,1000,200000,1,0.017655178394595024,0
161,1,0.15,0.4,0.922,1,4,3,0.7,1,2,1,0.936,0.8124372950000001,0.229,1000,200000,2000,0.13426800884083662,1
162,1,0.15,0.4,0.855,1,3,2,0.7,1,2,1,0.877,0.8449160699999998,0.695,1000,200000,1,0.01675396686624096,0
163,1,0.15,0.4,0.889,1,4,3,0.7,1,2,1,0.928,0.815747185,0.277,1000,200000,2000,0.13987056201923184,1
164,1,0.15,0.4,0.852,1,3,2,0.7,1,2,1,0.877,0.8435174449999998,0.7,1000,200000,1,0.018618210055533668,0
165,1,0.15,0.4,0.8959999999999999,1,4,3,0.7,1,2,1,0.94,0.8449920999999999,0.278,1000,200000,2000,0.12256437442254582,1
166,1,0.15,0.4,0.833,1,3,2,0.7,1,2,1,0.878,0.8431089849999996,0.7,1000,200000,1,0.016960241957878285,0
167,1,0.15,0.4,0.902,1,4,3,0.7,1,2,1,0.94,0.7942607299999999,0.228,1000,200000,2000,0.14176948821896446,1
168,1,0.15,0.4,0.857,1,3,2,0.7,1,2,1,0.878,0.8431633049999999,0.6990000000000001,1000,200000,1,0.01827767617825021,0
169,1,0.15,0.4,0.759,1,3,2,0.7,1,2,1,0.935,0.8204346600000002,0.222,1000,200000,2000,0.1496525279461874,1
170,1,0.15,0.4,0.847,1,3,2,0.7,1,2,1,0.883,0.8427299049999999,0.6990000000000001,1000,200000,1,0.017494754747951594,0
171,1,0.15,0.4,0.259,1,2,1,0.7,1,2,1,0.928,0.7920066549999998,0.259,1000,200000,2000,0.14012557889518593,1
172,1,0.15,0.4,0.856,1,3,2,0.7,1,2,1,0.875,0.8420893399999999,0.7,1000,200000,1,0.019405348962706133,0
173,1,0.15,0.4,0.889,1,4,3,0.7,1,2,1,0.935,0.7866056699999999,0.257,1000,200000,2000,0.1600516991282851,1
174,1,0.15,0.4,0.843,1,3,2,0.7,1,2,1,0.8740000000000001,0.8425387599999999,0.6970000000000001,1000,200000,1,0.01650214221434296,0
175,1,0.15,0.4,0.883,1,4,3,0.7,1,2,1,0.942,0.8000840099999998,0.251,1000,200000,2000,0.15793000469296484,1
176,1,0.15,0.4,0.85,1,3,2,0.7,1,2,1,0.88,0.8429678049999999,0.6990000000000001,1000,200000,1,0.02010627236665153,0
177,1,0.15,0.4,0.8759999999999999,1,4,3,0.7,1,2,1,0.934,0.824866565,0.253,1000,200000,2000,0.14175849092770695,1
178,1,0.15,0.4,0.8540000000000001,1,3,2,0.7,1,2,1,0.884,0.843999995,0.701,1000,200000,1,0.01918219838808824,0
179,1,0.15,0.4,0.8140000000000001,1,3,2,0.7,1,2,1,0.935,0.79201282,0.218,1000,200000,2000,0.159434459216468,1
180,1,0.15,0.4,0.8590000000000001,1,4,3,0.7,1,2,1,0.89,0.8435124049999998,0.6990000000000001,1000,200000,1,0.017937073789109942,0
181,1,0.15,0.4,0.895,1,4,3,0.7,1,2,1,0.929,0.835495735,0.253,1000,200000,2000,0.12407974879814106,1
182,1,0.15,0.4,0.852,1,3,2,0.7,1,2,1,0.8759999999999999,0.8458936199999999,0.701,1000,200000,1,0.01489242637368404,0
183,1,0.15,0.4,0.888,1,4,3,0.7,1,2,1,0.929,0.790993185,0.28300000000000003,1000,200000,2000,0.13804668054160438,1
184,1,0.15,0.4,0.84,1,3,2,0.7,1,2,1,0.875,0.840719665,0.7,1000,200000,1,0.018654494827997217,0
185,1,0.15,0.4,0.898,1,4,3,0.7,1,2,1,0.926,0.7980259500000002,0.265,1000,200000,2000,0.15780342010424708,1
186,1,0.15,0.4,0.8590000000000001,1,4,3,0.7,1,2,1,0.877,0.8443697700000001,0.7,1000,200000,1,0.01812371044094172,0
187,1,0.15,0.4,0.858,1,4,3,0.7,1,2,1,0.928,0.7922536799999998,0.221,1000,200000,2000,0.1583067055953651,1
188,1,0.15,0.4,0.853,1,3,2,0.7,1,2,1,0.8740000000000001,0.842635305,0.6990000000000001,1000,200000,1,0.01935803509029196,0
189,1,0.15,0.4,0.8959999999999999,1,4,3,0.7,1,2,1,0.934,0.8136761799999999,0.243,1000,200000,2000,0.13408796542049406,1
190,1,0.15,0.4,0.848,1,3,2,0.7,1,2,1,0.8759999999999999,0.8420160649999999,0.6970000000000001,1000,200000,1,0.01701289384307605,0
191,1,0.15,0.4,0.461,1,2,1,0.7,1,2,1,0.93,0.78612798,0.235,1000,200000,2000,0.15076222484800228,1
192,1,0.15,0.4,0.857,1,3,2,0.7,1,2,1,0.878,0.8430326950000001,0.701,1000,200000,1,0.01516151232684177,0
193,1,0.15,0.4,0.29100000000000004,1,2,1,0.7,1,2,1,0.931,0.8077038700000002,0.258,1000,200000,2000,0.1488756823226114,1
194,1,0.15,0.4,0.838,1,3,2,0.7,1,2,1,0.8759999999999999,0.8375948799999999,0.701,1000,200000,1,0.0194694028615569,0
195,1,0.15,0.4,0.868,1,4,3,0.7,1,2,1,0.93,0.7880842149999998,0.259,1000,200000,2000,0.14642192319742894,1
196,1,0.15,0.4,0.856,1,3,2,0.7,1,2,1,0.875,0.8431891049999999,0.701,1000,200000,1,0.017351685344627905,0
197,1,0.15,0.4,0.916,1,4,3,0.7,1,2,1,0.934,0.8300933749999999,0.229,1000,200000,2000,0.1499771520469347,1
198,1,0.15,0.4,0.865,1,4,3,0.7,1,2,1,0.875,0.8435618199999999,0.7,1000,200000,1,0.018779964544364827,0
199,1,0.15,0.4,0.613,1,2,1,0.7,1,2,1,0.938,0.8159031849999999,0.253,1000,200000,2000,0.14698592378814976,1
0,1,0.15,0.4,0.8540000000000001,1,3,2,0.7,1,2,1,0.878,0.8432283500000001,0.7,1000,200000,1,0.01602070055514115,0
1,1,0.15,0.4,0.92,1,4,3,0.7,1,2,1,0.937,0.8008689,0.276,1000,200000,2000,0.15923809504258082,1
2,1,0.15,0.4,0.8540000000000001,1,3,2,0.7,1,2,1,0.878,0.8432283500000001,0.7,1000,200000,1,0.01602070055514115,0
3,1,0.15,0.4,0.92,1,4,3,0.7,1,2,1,0.937,0.8008689,0.276,1000,200000,2000,0.15923809504258082,1
4,1,0.15,0.4,0.8390000000000001,1,3,2,0.7,1,2,1,0.8740000000000001,0.8455971950000001,0.6990000000000001,1000,200000,1,0.01390737405594511,0
5,1,0.15,0.4,0.9059999999999999,1,4,3,0.7,1,2,1,0.934,0.7859098599999997,0.249,1000,200000,2000,0.14011793919687945,1
6,1,0.15,0.4,0.8490000000000001,1,3,2,0.7,1,2,1,0.879,0.841618315,0.7,1000,200000,1,0.01819740727578452,0
7,1,0.15,0.4,0.653,1,2,1,0.7,1,2,1,0.929,0.7921530899999999,0.26899999999999996,1000,200000,2000,0.14170349330010149,1
8,1,0.15,0.4,0.858,1,4,3,0.7,1,2,1,0.885,0.842490505,0.7,1000,200000,1,0.016490943267289927,0
9,1,0.15,0.4,0.889,1,4,3,0.7,1,2,1,0.934,0.7993030600000001,0.245,1000,200000,2000,0.14994193697773947,1
10,1,0.15,0.4,0.826,1,3,2,0.7,1,2,1,0.875,0.843254075,0.7,1000,200000,1,0.01885325995403381,0
11,1,0.15,0.4,0.91,1,4,3,0.7,1,2,1,0.93,0.8111201750000001,0.198,1000,200000,2000,0.15533678180961966,1
12,1,0.15,0.4,0.8320000000000001,1,3,2,0.7,1,2,1,0.875,0.8400753649999999,0.6990000000000001,1000,200000,1,0.02346535542276687,0
13,1,0.15,0.4,0.38299999999999995,1,2,1,0.7,1,2,1,0.938,0.80197424,0.22899999999999998,1000,200000,2000,0.1453682341036803,1
14,1,0.15,0.4,0.853,1,3,2,0.7,1,2,1,0.871,0.8440941499999998,0.696,1000,200000,1,0.016307574797544237,0
15,1,0.15,0.4,0.904,1,4,3,0.7,1,2,1,0.929,0.7979585549999999,0.23800000000000002,1000,200000,2000,0.1435067127952974,1
16,1,0.15,0.4,0.83,1,3,2,0.7,1,2,1,0.879,0.8422359049999999,0.698,1000,200000,1,0.018388260489534482,0
17,1,0.15,0.4,0.7020000000000001,1,2,1,0.7,1,2,1,0.9309999999999999,0.82023175,0.24600000000000002,1000,200000,2000,0.1323334632734196,1
18,1,0.15,0.4,0.8540000000000001,1,3,2,0.7,1,2,1,0.868,0.83938711,0.6970000000000001,1000,200000,1,0.01857581157979107,0
19,1,0.15,0.4,0.7959999999999999,1,3,2,0.7,1,2,1,0.934,0.791199905,0.24100000000000002,1000,200000,2000,0.16033377171697474,1
20,1,0.15,0.4,0.8440000000000001,1,3,2,0.7,1,2,1,0.8759999999999999,0.844527135,0.6970000000000001,1000,200000,1,0.017911264435873167,0
21,1,0.15,0.4,0.8240000000000001,1,3,2,0.7,1,2,1,0.929,0.8027717150000001,0.256,1000,200000,2000,0.1503461076681361,1
22,1,0.15,0.4,0.8270000000000001,1,3,2,0.7,1,2,1,0.879,0.84074714,0.701,1000,200000,1,0.018889568333352667,0
23,1,0.15,0.4,0.518,1,2,1,0.7,1,2,1,0.932,0.798657905,0.25,1000,200000,2000,0.15171630161591396,1
24,1,0.15,0.4,0.858,1,4,3,0.7,1,2,1,0.8759999999999999,0.8436839400000001,0.701,1000,200000,1,0.017227167964479827,0
25,1,0.15,0.4,0.5660000000000001,1,2,1,0.7,1,2,1,0.9279999999999999,0.77938277,0.257,1000,200000,2000,0.15774333401804053,1
26,1,0.15,0.4,0.8370000000000001,1,3,2,0.7,1,2,1,0.892,0.8453235649999999,0.7,1000,200000,1,0.016874601645395216,0
27,1,0.15,0.4,0.8640000000000001,1,4,3,0.7,1,2,1,0.932,0.7979644600000002,0.254,1000,200000,2000,0.1515937773357086,1
28,1,0.15,0.4,0.8390000000000001,1,3,2,0.7,1,2,1,0.8740000000000001,0.8441846449999999,0.7,1000,200000,1,0.017039671100815737,0
29,1,0.15,0.4,0.893,1,4,3,0.7,1,2,1,0.932,0.79607533,0.21,1000,200000,2000,0.1553010681076956,1
30,1,0.15,0.4,0.816,1,3,2,0.7,1,2,1,0.873,0.8411313049999999,0.6970000000000001,1000,200000,1,0.01837474663762673,0
31,1,0.15,0.4,0.5720000000000001,1,2,1,0.7,1,2,1,0.938,0.7763703049999999,0.258,1000,200000,2000,0.14186920024870436,1
32,1,0.15,0.4,0.841,1,3,2,0.7,1,2,1,0.878,0.8457262049999997,0.7,1000,200000,1,0.015042505153662903,0
33,1,0.15,0.4,0.8290000000000001,1,3,2,0.7,1,2,1,0.9359999999999999,0.7929977750000001,0.272,1000,200000,2000,0.1458751063754518,1
34,1,0.15,0.4,0.848,1,3,2,0.7,1,2,1,0.882,0.8448929849999999,0.7,1000,200000,1,0.01716101665956231,0
35,1,0.15,0.4,0.624,1,2,1,0.7,1,2,1,0.93,0.7944473550000001,0.262,1000,200000,2000,0.1547082425357614,1
36,1,0.15,0.4,0.841,1,3,2,0.7,1,2,1,0.879,0.84374527,0.7,1000,200000,1,0.01801779988309061,0
37,1,0.15,0.4,0.8859999999999999,1,4,3,0.7,1,2,1,0.932,0.7976300100000002,0.242,1000,200000,2000,0.14494314222273472,1
38,1,0.15,0.4,0.852,1,3,2,0.7,1,2,1,0.879,0.8446116699999998,0.7,1000,200000,1,0.01575424101031529,0
39,1,0.15,0.4,0.752,1,3,2,0.7,1,2,1,0.9259999999999999,0.7900067999999998,0.23199999999999998,1000,200000,2000,0.1504192816555112,1
40,1,0.15,0.4,0.865,1,4,3,0.7,1,2,1,0.882,0.8410055200000001,0.6990000000000001,1000,200000,1,0.021568820772809992,0
41,1,0.15,0.4,0.879,1,4,3,0.7,1,2,1,0.935,0.7954839349999998,0.21600000000000005,1000,200000,2000,0.15241912534821794,1
42,1,0.15,0.4,0.821,1,3,2,0.7,1,2,1,0.878,0.8436979649999999,0.6990000000000001,1000,200000,1,0.01604471594821096,0
43,1,0.15,0.4,0.92,1,4,3,0.7,1,2,1,0.9279999999999999,0.78489943,0.244,1000,200000,2000,0.15623765281031046,1
44,1,0.15,0.4,0.83,1,3,2,0.7,1,2,1,0.8740000000000001,0.84394901,0.7,1000,200000,1,0.015765440368727415,0
45,1,0.15,0.4,0.875,1,4,3,0.7,1,2,1,0.9279999999999999,0.7929159449999997,0.262,1000,200000,2000,0.13956266112308469,1
46,1,0.15,0.4,0.809,1,3,2,0.7,1,2,1,0.879,0.8419782400000001,0.7,1000,200000,1,0.018536832698775697,0
47,1,0.15,0.4,0.894,1,4,3,0.7,1,2,1,0.9329999999999999,0.7852151399999998,0.289,1000,200000,2000,0.13514858646978295,1
48,1,0.15,0.4,0.853,1,3,2,0.7,1,2,1,0.8759999999999999,0.8420416799999998,0.7,1000,200000,1,0.01923295590328226,0
49,1,0.15,0.4,0.8859999999999999,1,4,3,0.7,1,2,1,0.9359999999999999,0.8107281450000001,0.24600000000000002,1000,200000,2000,0.16059920314204232,1
50,1,0.15,0.4,0.856,1,3,2,0.7,1,2,1,0.875,0.8457040899999998,0.7,1000,200000,1,0.015248115203916187,0
51,1,0.15,0.4,0.78,1,3,2,0.7,1,2,1,0.9279999999999999,0.7809894149999999,0.22699999999999998,1000,200000,2000,0.16679898975400834,1
52,1,0.15,0.4,0.856,1,3,2,0.7,1,2,1,0.8759999999999999,0.8433019799999999,0.7,1000,200000,1,0.014976149975197231,0
53,1,0.15,0.4,0.233,1,2,1,0.7,1,2,1,0.932,0.8350483350000001,0.231,1000,200000,2000,0.14157294854147728,1
54,1,0.15,0.4,0.836,1,3,2,0.7,1,2,1,0.8809999999999999,0.8442846599999997,0.6990000000000001,1000,200000,1,0.015408765644411628,0
55,1,0.15,0.4,0.907,1,4,3,0.7,1,2,1,0.935,0.7797875049999999,0.29600000000000004,1000,200000,2000,0.1422365344448288,1
56,1,0.15,0.4,0.8420000000000001,1,3,2,0.7,1,2,1,0.88,0.84289095,0.7,1000,200000,1,0.017033837444847832,0
57,1,0.15,0.4,0.439,1,2,1,0.7,1,2,1,0.94,0.8116673649999998,0.23399999999999999,1000,200000,2000,0.1521207503562771,1
58,1,0.15,0.4,0.8540000000000001,1,3,2,0.7,1,2,1,0.873,0.8408257400000001,0.696,1000,200000,1,0.019299729880296247,0
59,1,0.15,0.4,0.77,1,3,2,0.7,1,2,1,0.9309999999999999,0.7840439399999999,0.253,1000,200000,2000,0.15688751839861706,1
60,1,0.15,0.4,0.8590000000000001,1,4,3,0.7,1,2,1,0.8740000000000001,0.841572415,0.698,1000,200000,1,0.018764372253496114,0
61,1,0.15,0.4,0.895,1,4,3,0.7,1,2,1,0.9390000000000001,0.8019513250000002,0.251,1000,200000,2000,0.14826116101577105,1
62,1,0.15,0.4,0.857,1,3,2,0.7,1,2,1,0.8759999999999999,0.8437588750000001,0.7,1000,200000,1,0.01887238124176107,0
63,1,0.15,0.4,0.9079999999999999,1,4,3,0.7,1,2,1,0.932,0.8096249700000002,0.23800000000000002,1000,200000,2000,0.1452259409076047,1
64,1,0.15,0.4,0.852,1,3,2,0.7,1,2,1,0.8809999999999999,0.8426615549999998,0.7,1000,200000,1,0.017477076986211825,0
65,1,0.15,0.4,0.897,1,4,3,0.7,1,2,1,0.927,0.7962966349999999,0.252,1000,200000,2000,0.14795746572132404,1
66,1,0.15,0.4,0.86,1,4,3,0.7,1,2,1,0.878,0.8448023799999999,0.701,1000,200000,1,0.01536525353958079,0
67,1,0.15,0.4,0.897,1,4,3,0.7,1,2,1,0.9359999999999999,0.8106255700000001,0.248,1000,200000,2000,0.14576083243510618,1
68,1,0.15,0.4,0.84,1,3,2,0.7,1,2,1,0.871,0.8415564750000002,0.7,1000,200000,1,0.016575505741134262,0
69,1,0.15,0.4,0.284,1,2,1,0.7,1,2,1,0.925,0.772869715,0.225,1000,200000,2000,0.1599040484191028,1
70,1,0.15,0.4,0.828,1,3,2,0.7,1,2,1,0.8740000000000001,0.83948349,0.7,1000,200000,1,0.01845481447806777,0
71,1,0.15,0.4,0.877,1,4,3,0.7,1,2,1,0.9390000000000001,0.8115281899999998,0.207,1000,200000,2000,0.14941671414311014,1
72,1,0.15,0.4,0.852,1,3,2,0.7,1,2,1,0.882,0.842607905,0.6970000000000001,1000,200000,1,0.020413977723877697,0
73,1,0.15,0.4,0.89,1,4,3,0.7,1,2,1,0.9329999999999999,0.8040626199999998,0.21600000000000005,1000,200000,2000,0.14829045258793838,1
74,1,0.15,0.4,0.82,1,3,2,0.7,1,2,1,0.8809999999999999,0.8394785899999999,0.698,1000,200000,1,0.020716451472486783,0
75,1,0.15,0.4,0.687,1,2,1,0.7,1,2,1,0.934,0.79457191,0.305,1000,200000,2000,0.14074421991311722,1
76,1,0.15,0.4,0.85,1,3,2,0.7,1,2,1,0.878,0.841783205,0.7,1000,200000,1,0.01841746874377624,0
77,1,0.15,0.4,0.883,1,4,3,0.7,1,2,1,0.929,0.823319715,0.218,1000,200000,2000,0.1484003756643452,1
78,1,0.15,0.4,0.856,1,3,2,0.7,1,2,1,0.8759999999999999,0.8377801550000002,0.7,1000,200000,1,0.019818233856122868,0
79,1,0.15,0.4,0.6629999999999999,1,2,1,0.7,1,2,1,0.927,0.787043565,0.258,1000,200000,2000,0.14952923786701644,1
0,1,0.15,0.4,0.846,1,3,2,0.7,1,2,1,0.878,0.8449570150000002,0.698,1000,200000,1,0.01456251651637776,0
1,1,0.15,0.4,0.903,1,4,3,0.7,1,2,1,0.936,0.8263466649999999,0.257,1000,200000,2000,0.13885251088251074,1
2,1,0.15,0.4,0.846,1,3,2,0.7,1,2,1,0.878,0.8449570150000002,0.698,1000,200000,1,0.01456251651637776,0
3,1,0.15,0.4,0.903,1,4,3,0.7,1,2,1,0.936,0.8263466649999999,0.257,1000,200000,2000,0.13885251088251074,1
4,1,0.15,0.4,0.845,1,3,2,0.7,1,2,1,0.875,0.839007665,0.7,1000,200000,1,0.02206379401299275,0
5,1,0.15,0.4,0.8440000000000001,1,3,2,0.7,1,2,1,0.931,0.784230925,0.235,1000,200000,2000,0.15863912140025352,1
6,1,0.15,0.4,0.858,1,4,3,0.7,1,2,1,0.878,0.8402995200000001,0.7,1000,200000,1,0.016948765670974388,0
7,1,0.15,0.4,0.43,1,2,1,0.7,1,2,1,0.929,0.8116652599999999,0.195,1000,200000,2000,0.14114418995882333,1
8,1,0.15,0.4,0.856,1,3,2,0.7,1,2,1,0.873,0.841789285,0.6970000000000001,1000,200000,1,0.01673108227786759,0
9,1,0.15,0.4,0.61,1,2,1,0.7,1,2,1,0.929,0.7694948699999999,0.208,1000,200000,2000,0.1433296218989051,1
10,1,0.15,0.4,0.855,1,3,2,0.7,1,2,1,0.8740000000000001,0.843509325,0.701,1000,200000,1,0.015541750964559144,0
11,1,0.15,0.4,0.359,1,2,1,0.7,1,2,1,0.937,0.8055541650000001,0.233,1000,200000,2000,0.14662385101392195,1
12,1,0.15,0.4,0.8490000000000001,1,3,2,0.7,1,2,1,0.873,0.8445793549999999,0.698,1000,200000,1,0.017688111057543005,0
13,1,0.15,0.4,0.45,1,2,1,0.7,1,2,1,0.932,0.8093036050000002,0.248,1000,200000,2000,0.1429371077747272,1
14,1,0.15,0.4,0.8220000000000001,1,3,2,0.7,1,2,1,0.885,0.84307638,0.7,1000,200000,1,0.018052522707245104,0
15,1,0.15,0.4,0.904,1,4,3,0.7,1,2,1,0.931,0.8013602650000001,0.271,1000,200000,2000,0.13838783918440875,1
16,1,0.15,0.4,0.823,1,3,2,0.7,1,2,1,0.882,0.8415747500000001,0.7,1000,200000,1,0.01890700009090548,0
17,1,0.15,0.4,0.908,1,4,3,0.7,1,2,1,0.939,0.8178652849999999,0.25,1000,200000,2000,0.14298293418051253,1
18,1,0.15,0.4,0.86,1,4,3,0.7,1,2,1,0.877,0.84312441,0.7,1000,200000,1,0.015740778321032926,0
19,1,0.15,0.4,0.742,1,3,2,0.7,1,2,1,0.93,0.8143547200000001,0.233,1000,200000,2000,0.13803390563090506,1
20,1,0.15,0.4,0.85,1,3,2,0.7,1,2,1,0.873,0.8431362049999997,0.6990000000000001,1000,200000,1,0.016269989649596434,0
21,1,0.15,0.4,0.904,1,4,3,0.7,1,2,1,0.935,0.7937268699999999,0.262,1000,200000,2000,0.1455193010566059,1
22,1,0.15,0.4,0.851,1,3,2,0.7,1,2,1,0.879,0.8445052550000001,0.6990000000000001,1000,200000,1,0.015067267913758457,0
23,1,0.15,0.4,0.9,1,4,3,0.7,1,2,1,0.941,0.816493165,0.241,1000,200000,2000,0.14304962940631052,1
24,1,0.15,0.4,0.86,1,4,3,0.7,1,2,1,0.8759999999999999,0.8434972699999999,0.701,1000,200000,1,0.017191476450471033,0
25,1,0.15,0.4,0.546,1,2,1,0.7,1,2,1,0.929,0.7788939149999998,0.279,1000,200000,2000,0.14641634331922368,1
26,1,0.15,0.4,0.8440000000000001,1,3,2,0.7,1,2,1,0.887,0.8437676749999998,0.7,1000,200000,1,0.017379348379452406,0
27,1,0.15,0.4,0.898,1,4,3,0.7,1,2,1,0.932,0.7836075899999999,0.235,1000,200000,2000,0.144929772111847,1
28,1,0.15,0.4,0.845,1,3,2,0.7,1,2,1,0.879,0.841880815,0.7,1000,200000,1,0.021365616535353592,0
29,1,0.15,0.4,0.643,1,2,1,0.7,1,2,1,0.932,0.796609355,0.254,1000,200000,2000,0.14334730929279413,1
30,1,0.15,0.4,0.858,1,4,3,0.7,1,2,1,0.8740000000000001,0.8432779800000001,0.698,1000,200000,1,0.01838233029622741,0
31,1,0.15,0.4,0.917,1,4,3,0.7,1,2,1,0.932,0.795488435,0.252,1000,200000,2000,0.14144011989619767,1
32,1,0.15,0.4,0.851,1,3,2,0.7,1,2,1,0.8759999999999999,0.8445977549999999,0.7,1000,200000,1,0.013662698633870802,0
33,1,0.15,0.4,0.908,1,4,3,0.7,1,2,1,0.933,0.812859345,0.248,1000,200000,2000,0.1566840983992025,1
34,1,0.15,0.4,0.8240000000000001,1,3,2,0.7,1,2,1,0.875,0.8459233199999999,0.6990000000000001,1000,200000,1,0.013779792457711404,0
35,1,0.15,0.4,0.84,1,3,2,0.7,1,2,1,0.931,0.8101393550000001,0.241,1000,200000,2000,0.15473712658952918,1
36,1,0.15,0.4,0.836,1,3,2,0.7,1,2,1,0.875,0.8422725200000001,0.698,1000,200000,1,0.018201805208539062,0
37,1,0.15,0.4,0.866,1,4,3,0.7,1,2,1,0.927,0.8005948049999999,0.23,1000,200000,2000,0.15003196490085696,1
38,1,0.15,0.4,0.8420000000000001,1,3,2,0.7,1,2,1,0.8859999999999999,0.8432674099999999,0.6970000000000001,1000,200000,1,0.01567632807426216,0
39,1,0.15,0.4,0.807,1,3,2,0.7,1,2,1,0.938,0.8003378750000002,0.254,1000,200000,2000,0.145219180432491,1
40,1,0.15,0.4,0.838,1,3,2,0.7,1,2,1,0.877,0.8447985199999999,0.6990000000000001,1000,200000,1,0.01603161925101766,0
41,1,0.15,0.4,0.899,1,4,3,0.7,1,2,1,0.934,0.8112292600000002,0.239,1000,200000,2000,0.1373880930424919,1
42,1,0.15,0.4,0.8079999999999999,1,3,2,0.7,1,2,1,0.882,0.8424216400000001,0.698,1000,200000,1,0.01665334379968179,0
43,1,0.15,0.4,0.833,1,3,2,0.7,1,2,1,0.936,0.783507655,0.237,1000,200000,2000,0.15479521633888102,1
44,1,0.15,0.4,0.8420000000000001,1,3,2,0.7,1,2,1,0.877,0.8438180100000001,0.701,1000,200000,1,0.016522905302636698,0
45,1,0.15,0.4,0.6940000000000001,1,2,1,0.7,1,2,1,0.931,0.7753981800000002,0.28,1000,200000,2000,0.15969416862455435,1
46,1,0.15,0.4,0.855,1,3,2,0.7,1,2,1,0.879,0.846905055,0.7,1000,200000,1,0.014696712232570078,0
47,1,0.15,0.4,0.905,1,4,3,0.7,1,2,1,0.937,0.7965209600000001,0.228,1000,200000,2000,0.15947938644438786,1
48,1,0.15,0.4,0.8540000000000001,1,3,2,0.7,1,2,1,0.892,0.8425500699999999,0.698,1000,200000,1,0.01860553904070237,0
49,1,0.15,0.4,0.894,1,4,3,0.7,1,2,1,0.93,0.79790421,0.256,1000,200000,2000,0.14432687110956124,1
50,1,0.15,0.4,0.848,1,3,2,0.7,1,2,1,0.885,0.8435402850000001,0.701,1000,200000,1,0.016668541841408174,0
51,1,0.15,0.4,0.925,1,5,4,0.7,1,2,1,0.934,0.7991508399999999,0.251,1000,200000,2000,0.15481279093567948,1
52,1,0.15,0.4,0.848,1,3,2,0.7,1,2,1,0.878,0.8451147149999999,0.7,1000,200000,1,0.016353648689780974,0
53,1,0.15,0.4,0.833,1,3,2,0.7,1,2,1,0.935,0.794772885,0.247,1000,200000,2000,0.1616249557889399,1
54,1,0.15,0.4,0.866,1,4,3,0.7,1,2,1,0.8759999999999999,0.8443466549999998,0.7,1000,200000,1,0.017406797100873412,0
55,1,0.15,0.4,0.316,1,2,1,0.7,1,2,1,0.935,0.8271018900000002,0.263,1000,200000,2000,0.1373193538742005,1
56,1,0.15,0.4,0.848,1,3,2,0.7,1,2,1,0.8759999999999999,0.8456450799999998,0.7,1000,200000,1,0.014182345778946446,0
57,1,0.15,0.4,0.56,1,2,1,0.7,1,2,1,0.938,0.7982274949999998,0.239,1000,200000,2000,0.15079437758426198,1
58,1,0.15,0.4,0.85,1,3,2,0.7,1,2,1,0.8809999999999999,0.8447783300000001,0.6990000000000001,1000,200000,1,0.01658757011774479,0
59,1,0.15,0.4,0.743,1,3,2,0.7,1,2,1,0.932,0.7932587699999998,0.259,1000,200000,2000,0.14286728078215494,1
60,1,0.15,0.4,0.852,1,3,2,0.7,1,2,1,0.878,0.844586085,0.7,1000,200000,1,0.016690763894225295,0
61,1,0.15,0.4,0.877,1,4,3,0.7,1,2,1,0.935,0.8005618149999999,0.266,1000,200000,2000,0.1448848016491232,1
62,1,0.15,0.4,0.861,1,4,3,0.7,1,2,1,0.8740000000000001,0.8433991400000002,0.701,1000,200000,1,0.017402770677693826,0
63,1,0.15,0.4,0.875,1,4,3,0.7,1,2,1,0.939,0.7762241649999998,0.228,1000,200000,2000,0.15484139167242322,1
64,1,0.15,0.4,0.816,1,3,2,0.7,1,2,1,0.8859999999999999,0.8453377500000001,0.701,1000,200000,1,0.015467751773851944,0
65,1,0.15,0.4,0.5479999999999999,1,2,1,0.7,1,2,1,0.924,0.7863892099999998,0.211,1000,200000,2000,0.1640569054187476,1
66,1,0.15,0.4,0.843,1,3,2,0.7,1,2,1,0.8809999999999999,0.84234108,0.7,1000,200000,1,0.01831216711461535,0
67,1,0.15,0.4,0.893,1,4,3,0.7,1,2,1,0.939,0.7984091800000002,0.227,1000,200000,2000,0.15234284220706792,1
68,1,0.15,0.4,0.843,1,3,2,0.7,1,2,1,0.885,0.8441553249999997,0.7,1000,200000,1,0.01451342926893486,0
69,1,0.15,0.4,0.91,1,4,3,0.7,1,2,1,0.94,0.8395049950000001,0.229,1000,200000,2000,0.13139738207076265,1
70,1,0.15,0.4,0.85,1,3,2,0.7,1,2,1,0.88,0.8434410149999999,0.698,1000,200000,1,0.017445159522623318,0
71,1,0.15,0.4,0.797,1,3,2,0.7,1,2,1,0.936,0.78422215,0.266,1000,200000,2000,0.14075692885033228,1
72,1,0.15,0.4,0.843,1,3,2,0.7,1,2,1,0.878,0.8437064599999998,0.6940000000000001,1000,200000,1,0.01756009465431209,0
73,1,0.15,0.4,0.418,1,2,1,0.7,1,2,1,0.933,0.7535918250000001,0.252,1000,200000,2000,0.1564526639216136,1
74,1,0.15,0.4,0.843,1,3,2,0.7,1,2,1,0.8740000000000001,0.8426644499999998,0.6990000000000001,1000,200000,1,0.016059653053459782,0
75,1,0.15,0.4,0.649,1,2,1,0.7,1,2,1,0.934,0.793464315,0.239,1000,200000,2000,0.14649095213213947,1
76,1,0.15,0.4,0.856,1,3,2,0.7,1,2,1,0.875,0.8422126649999998,0.7,1000,200000,1,0.01766010301775658,0
77,1,0.15,0.4,0.913,1,4,3,0.7,1,2,1,0.937,0.7870406800000002,0.278,1000,200000,2000,0.15833954479263102,1
78,1,0.15,0.4,0.8420000000000001,1,3,2,0.7,1,2,1,0.8740000000000001,0.8452052300000003,0.6990000000000001,1000,200000,1,0.018216431611243183,0
79,1,0.15,0.4,0.911,1,4,3,0.7,1,2,1,0.928,0.79437042,0.263,1000,200000,2000,0.13971411997011468,1
80,1,0.15,0.4,0.841,1,3,2,0.7,1,2,1,0.878,0.8445190149999999,0.698,1000,200000,1,0.016751842239878422,0
81,1,0.15,0.4,0.915,1,4,3,0.7,1,2,1,0.934,0.8049549650000001,0.215,1000,200000,2000,0.16229278313236478,1
82,1,0.15,0.4,0.861,1,4,3,0.7,1,2,1,0.877,0.8451454800000001,0.6990000000000001,1000,200000,1,0.014272861155689848,0
83,1,0.15,0.4,0.914,1,4,3,0.7,1,2,1,0.934,0.7903208100000001,0.251,1000,200000,2000,0.16260797849719394,1
84,1,0.15,0.4,0.847,1,3,2,0.7,1,2,1,0.8740000000000001,0.842414315,0.6990000000000001,1000,200000,1,0.016663961056146738,0
85,1,0.15,0.4,0.578,1,2,1,0.7,1,2,1,0.929,0.804167755,0.28,1000,200000,2000,0.14849887360939806,1
86,1,0.15,0.4,0.847,1,3,2,0.7,1,2,1,0.875,0.8430168450000002,0.6990000000000001,1000,200000,1,0.018046814711909002,0
87,1,0.15,0.4,0.89,1,4,3,0.7,1,2,1,0.935,0.8110973749999999,0.235,1000,200000,2000,0.13300905620712214,1
88,1,0.15,0.4,0.8320000000000001,1,3,2,0.7,1,2,1,0.875,0.8469140850000001,0.701,1000,200000,1,0.015059128248765763,0
89,1,0.15,0.4,0.879,1,4,3,0.7,1,2,1,0.932,0.7876671149999999,0.243,1000,200000,2000,0.15661481054669374,1
90,1,0.15,0.4,0.856,1,3,2,0.7,1,2,1,0.8809999999999999,0.84368134,0.698,1000,200000,1,0.01999001065043237,0
91,1,0.15,0.4,0.846,1,3,2,0.7,1,2,1,0.931,0.7921376600000001,0.226,1000,200000,2000,0.14586193221579233,1
92,1,0.15,0.4,0.841,1,3,2,0.7,1,2,1,0.875,0.842592365,0.7,1000,200000,1,0.017026299325066937,0
93,1,0.15,0.4,0.863,1,4,3,0.7,1,2,1,0.93,0.787633685,0.235,1000,200000,2000,0.15483325297984532,1
94,1,0.15,0.4,0.853,1,3,2,0.7,1,2,1,0.873,0.8463628000000001,0.7,1000,200000,1,0.014950316590627776,0
95,1,0.15,0.4,0.905,1,4,3,0.7,1,2,1,0.936,0.8076911,0.268,1000,200000,2000,0.13110598304726598,1
96,1,0.15,0.4,0.812,1,3,2,0.7,1,2,1,0.875,0.8437135549999999,0.698,1000,200000,1,0.016283015515007503,0
97,1,0.15,0.4,0.421,1,2,1,0.7,1,2,1,0.928,0.7956838900000001,0.259,1000,200000,2000,0.1556000761711507,1
98,1,0.15,0.4,0.85,1,3,2,0.7,1,2,1,0.879,0.8395444400000001,0.701,1000,200000,1,0.02307343721872404,0
99,1,0.15,0.4,0.89,1,4,3,0.7,1,2,1,0.931,0.7756124150000002,0.236,1000,200000,2000,0.1552993362602293,1
